trial_key,trial_label,last_name,first_name,year_of_trial_harvest,city,state,zip,latitude,longitude,strip_size_acres
amun_22,Amundson,amundson,alec and rachel,2022,osage,ia,50461,43.2841235,-92.8112231,1.7676736
ande_22,Anderson,anderson,nathan,2022,aurelia,ia,51005,42.7125676,-95.4366206,2.11
bake_22,Bakehouse,bakehouse,jon,2022,hastings,ia,51540,41.0227224,-95.4990369,0.7920096
bard_22,Bardole,bardole,pete,2022,jefferson,ia,50129,42.016055,-94.3741093,1.0194349653333332
benn_22,Bennett,bennett,sam,2022,galva,ia,51020,42.5069289,-95.4172221,0.801651456
borc_22,Borchardt,borchardt,vaughn,2022,fenton,ia,50539,43.2188823,-94.4274248,1.63
boye_22,Boyer,boyer,jack,2022,reinbeck,ia,50669,42.3242883,-92.5993534,1.4462784
deal_22,Deal,deal,chris,2022,jefferson,ia,50129,42.016055,-94.3741093,2.8
dool_22,Dooley,dooley,wade,2022,albion,ia,50005,42.1124226,-92.990136,1.0194349653333332
fred_22,Frederick,frederick,bill,2022,jefferson,ia,50129,42.016055,-94.3741093,1.6990582755555554
freds_22,Fredericks,fredericks,wayne,2022,osage,ia,50461,43.2841235,-92.8112231,0.588153216
harv_22,Harvey,harvey,robert,2022,redfield,ia,50233,41.5894322,-94.19607,0.401744
prev_22,Prevo,prevo,kevin,2022,bloomfield,ia,52537,40.7510398,-92.4143872,0.9641856
sier_22,Sieren,sieren,tim,2022,keota,ia,52248,41.3637245,-91.9522898,0.6796233102222222
veen1_22,Veenstra1,veenstra,kevin,2022,grinnell,ia,50112,41.7430237,-92.7239637,1.033056
veen2_22,Veenstra2,veenstra,kevin,2022,grinnell,ia,50112,41.7430237,-92.7239637,1.033056
wald_22,Waldo,waldo,marissa,2022,cascade,ia,52033,42.2984881,-91.0142226,0.6796233102222222
